loss,val_loss
0.0011275975266471505,0.0010167157743126154
0.0009584135259501636,0.00097860477399081
