loss,val_loss
0.0012055049883201718,0.0011818354250863194
0.0010827942751348019,0.001399851287715137
