loss,val_loss
0.0016039896290749311,0.0014369678683578968
0.001626335084438324,0.001535166404210031
