loss,val_loss
0.0015962114557623863,0.0012800758704543114
0.0010603305418044329,0.0011458611115813255
