loss,val_loss
0.0013674319488927722,0.0013518190244212747
0.0011226828210055828,0.0011099359253421426
