loss,val_loss
0.001072983257472515,0.0011573006631806493
0.00097761582583189,0.0010475324233993888
