loss,val_loss
0.0012949706288054585,0.0011870398884639144
0.001010155538097024,0.001176867401227355
