loss,val_loss
0.0011655851267278194,0.00107303517870605
0.0009796940721571445,0.0010155938798561692
