loss,val_loss
0.0010616335785016418,0.0009893312817439437
0.0009400454582646489,0.0012010172940790653
