loss,val_loss
0.001027554040774703,0.0010964339599013329
0.000928629597183317,0.0011582181323319674
