loss,val_loss
0.00099091324955225,0.0009390328195877373
0.0008752711582928896,0.000945130072068423
