loss,val_loss
0.00129305652808398,0.0013218889944255352
0.0012976120924577117,0.0013028421672061086
