loss,val_loss
0.0014241618337109685,0.0012514506233856082
0.001254727249033749,0.0012284351978451014
