loss,val_loss
0.0012242943048477173,0.0011369840940460563
0.0010019612964242697,0.0010487366234883666
