loss,val_loss
0.0012391411000862718,0.0011300116311758757
0.0011719200992956758,0.001386449090205133
