loss,val_loss
0.0011666178470477462,0.001177762751467526
0.0010407917434349656,0.0012830508640035987
