loss,val_loss
0.002811895916238427,0.0014892659382894635
0.001289211679250002,0.0014707333175465465
