loss,val_loss
0.0010289250640198588,0.0011231129756197333
0.0009173745638690889,0.0009885670151561499
