loss,val_loss
0.0009868779452517629,0.001038014073856175
0.0009019101271405816,0.0011364879319444299
