loss,val_loss
0.001319560338743031,0.0011267542140558362
0.0011231100652366877,0.001301925047300756
