loss,val_loss
0.0013055080780759454,0.0012827786849811673
0.001220049918629229,0.0012992824194952846
