loss,val_loss
0.001044035074301064,0.0009685063851065934
0.0009137911256402731,0.0012618140317499638
