loss,val_loss
0.0013558249920606613,0.0013774923281744123
0.001290530664846301,0.002151732100173831
