loss,val_loss
0.0009992554550990462,0.0009990931721404195
0.000886758673004806,0.0010214969515800476
