loss,val_loss
0.00123967498075217,0.001392290461808443
0.0011590189533308148,0.0011920457473024726
