loss,val_loss
0.001074155792593956,0.0011529973708093166
0.0009555690921843052,0.0010857366723939776
