loss,val_loss
0.0011512883938848972,0.0012701074592769146
0.0009451283840462565,0.0010146311251446605
