loss,val_loss
0.0013962214579805732,0.0014308275422081351
0.0013013468123972416,0.0013252588687464595
