loss,val_loss
0.0014726381050422788,0.001389337470754981
0.0014126562746241689,0.0013285778695717454
