loss,val_loss
0.0011279138270765543,0.0012813274515792727
0.0009960633469745517,0.0012051111552864313
