loss,val_loss
0.0011625213082879782,0.0011211027158424258
0.0009606582461856306,0.001012610737234354
