loss,val_loss
0.0011446209391579032,0.0011124078882858157
0.0009113990818150342,0.0010849733371287584
