loss,val_loss
0.0012787777232006192,0.0012345057912170887
0.0010438647586852312,0.001210113288834691
