loss,val_loss
0.0013431732077151537,0.001194600248709321
0.0012954006670042872,0.0011911224573850632
