loss,val_loss
0.0014461824903264642,0.001208809670060873
0.0010999903315678239,0.0012196715688332915
