loss,val_loss
0.0012675989419221878,0.0011954428628087044
0.001001481432467699,0.0010860970942303538
