loss,val_loss
0.0012223839294165373,0.0011221467284485698
0.0009778388775885105,0.0010631639743223786
