loss,val_loss
0.0016487904358655214,0.0014997405232861638
0.0016370397061109543,0.001636234694160521
