loss,val_loss
0.001152331242337823,0.0014040004462003708
0.0010910166893154383,0.0016799538861960173
