loss,val_loss
0.0015808517346158624,0.001606507576070726
0.001211132388561964,0.0012086201459169388
