loss,val_loss
0.000977357616648078,0.0009683119715191424
0.000855480320751667,0.0010005373042076826
