loss,val_loss
0.0012047778582200408,0.0010917463805526495
0.0009283213876187801,0.0011972051579505205
