loss,val_loss
0.001269433181732893,0.001304768375121057
0.0010284048039466143,0.0011106067104265094
