loss,val_loss
0.0016217862721532583,0.0019752210937440395
0.0016153366304934025,0.0015681895893067122
