loss,val_loss
0.0012389374896883965,0.001139348023571074
0.001019918592646718,0.0011360053904354572
