loss,val_loss
0.0010400968603789806,0.0010180986719205976
0.0008812082814984024,0.0010845139622688293
