loss,val_loss
0.0018093511462211609,0.001644545467570424
0.0018103037727996707,0.002873770659789443
