loss,val_loss
0.0011264919303357601,0.001329794991761446
0.0010138059733435512,0.0010373161640018225
