loss,val_loss
0.0010910896817222238,0.001070651924237609
0.0009537020232528448,0.0010305896867066622
