loss,val_loss
0.0021112237591296434,0.0013205392751842737
0.001242444384843111,0.0012869902420789003
