loss,val_loss
0.0011569755151867867,0.0011481886031106114
0.0010466976091265678,0.0010684477165341377
