loss,val_loss
0.0010158215882256627,0.0009886788902804255
0.000905502587556839,0.00102863775100559
