loss,val_loss
0.0011631905799731612,0.0023302785120904446
0.0011133345542475581,0.0011661025928333402
0.0011081290431320667,0.0013885257067158818
