loss,val_loss
0.0012962332693859935,0.0012078429572284222
0.0010339104337617755,0.0010934495367109776
