loss,val_loss
0.0014062580885365605,0.001227491069585085
0.0011233171680942178,0.001251883222721517
