loss,val_loss
0.0014113738434389234,0.0012939058942720294
0.0011334145674481988,0.0012298690853640437
