loss,val_loss
0.001015013549476862,0.0009698056383058429
0.0008622886380180717,0.0010992666939273477
