loss,val_loss
0.0014406811678782105,0.00120319495908916
0.0013911174610257149,0.0015797785017639399
