loss,val_loss
0.001131283468566835,0.0010508556151762605
0.0009344876743853092,0.0010720122372731566
