loss,val_loss
0.0013097674818709493,0.0015777407679706812
0.001255082432180643,0.0012800636468455195
