loss,val_loss
0.0014598200796172023,0.0012041135923936963
0.0011155098909512162,0.0011254486162215471
