loss,val_loss
0.001416770159266889,0.0012558482121676207
0.0011052663903683424,0.0012136477744206786
