loss,val_loss
0.0011048940941691399,0.001045295037329197
0.0009760430548340082,0.001174457254819572
