loss,val_loss
0.001011784770525992,0.0010276278480887413
0.0009181821369566023,0.0010112401796504855
