loss,val_loss
0.0035887216217815876,0.001425176509656012
0.0013319533318281174,0.0012891334481537342
