loss,val_loss
0.0013529352145269513,0.0014783961232751608
0.0012852436630055308,0.0017738575115799904
