loss,val_loss
0.001160584855824709,0.0010793546680361032
0.0009459330467507243,0.0011586352484300733
