loss,val_loss
0.00117285898886621,0.0010994590120390058
0.001044553704559803,0.0011384424287825823
