loss,val_loss
0.0012520974269136786,0.0011923994170501828
0.0010389311937615275,0.0010742611484602094
