loss,val_loss
0.001108475960791111,0.0011468183947727084
0.0009167368989437819,0.0010908301919698715
