loss,val_loss
0.001214836724102497,0.001084694406017661
0.0009694386390037835,0.0010236311936751008
