loss,val_loss
0.0014812055742368102,0.001492460840381682
0.0014474315103143454,0.001708989031612873
