loss,val_loss
0.0016324277967214584,0.0011915997602045536
0.001203445834107697,0.001433503464795649
