loss,val_loss
0.0011955100344493985,0.0014370082644745708
0.0011324433144181967,0.0011926157167181373
