loss,val_loss
0.0009801830165088177,0.0010371656389907002
0.0008803354576230049,0.0009759076638147235
