loss,val_loss
0.0009549582609906793,0.001027091289870441
0.0008815178880468011,0.0009898750577121973
