loss,val_loss
0.0015648128464818,0.0012074927799403667
0.001052884035743773,0.0010940578067675233
