loss,val_loss
0.0012677283957600594,0.0011143217561766505
0.001059125061146915,0.0010807012440636754
