loss,val_loss
0.001292860833927989,0.0013459814945235848
0.001260210294276476,0.001267263083718717
