loss,val_loss
0.0015338743105530739,0.0014176910044625401
0.0013032350689172745,0.001364295370876789
