loss,val_loss
0.001200953614898026,0.001169330207630992
0.0011464748531579971,0.0017771172570064664
