loss,val_loss
0.001136201317422092,0.0010986599372699857
0.0010121556697413325,0.001280014868825674
