loss,val_loss
0.0013513320591300726,0.0014924082206562161
0.0013084844686090946,0.0019075901946052909
