loss,val_loss
0.0011391977313905954,0.0010425089858472347
0.0009728394798003137,0.0011495844228193164
