loss,val_loss
0.0012551352847367525,0.001241008285433054
0.0011748154647648335,0.001955969026312232
