loss,val_loss
0.001396810170263052,0.0011453762417659163
0.0011077227536588907,0.0012654566671699286
