loss,val_loss
0.001248619519174099,0.0012475330149754882
0.0011071943445131183,0.0011248355731368065
