loss,val_loss
0.0011080066906288266,0.0011071693152189255
0.0009851503418758512,0.0010566924465820193
