loss,val_loss
0.0010530332801863551,0.0010981367668136954
0.0009759935783222318,0.0013042133068665862
