loss,val_loss
0.0013105381513014436,0.0014187785563990474
0.001271798275411129,0.0015157737070694566
