loss,val_loss
0.0021489413920789957,0.0013474856968969107
0.0011943738209083676,0.0014029686572030187
