loss,val_loss
0.0018639531917870045,0.0012937051942571998
0.0012377038365229964,0.0012757948134094477
