loss,val_loss
0.0010753902606666088,0.001045549288392067
0.0009473455138504505,0.0010348065989091992
