loss,val_loss
0.0011164124589413404,0.001185018802061677
0.0009778979001566768,0.0011831941083073616
