loss,val_loss
0.0010569895384833217,0.0011271046241745353
0.0009659132920205593,0.001255800831131637
