loss,val_loss
0.0015940568409860134,0.0013103425735607743
0.001196961966343224,0.0013179178349673748
