loss,val_loss
0.0013090585125610232,0.001229149173013866
0.001101666479371488,0.001176767167635262
