loss,val_loss
0.001498219440691173,0.001551908440887928
0.0014591814251616597,0.0013475653249770403
