loss,val_loss
0.0012921304441988468,0.0014076094375923276
0.00122641131747514,0.0012243014061823487
