loss,val_loss
0.0010906951501965523,0.0010727732442319393
0.0009014079696498811,0.001110376208089292
