loss,val_loss
0.0009867954067885876,0.0012581219198182225
0.0009088907390832901,0.0010505031095817685
