loss,val_loss
0.0011998714180663228,0.0011322498321533203
0.00097742211073637,0.0010981591185554862
