loss,val_loss
0.001610023551620543,0.0012075703125447035
0.0011320007033646107,0.00119908363558352
