loss,val_loss
0.0010130801238119602,0.0009373679640702903
0.0008703513303771615,0.0010272485669702291
