loss,val_loss
0.0011396813206374645,0.001218681689351797
0.0010492488509044051,0.0011384361423552036
