loss,val_loss
0.0013433395652100444,0.0012559451861307025
0.0010751838563010097,0.0010982466628775
