loss,val_loss
0.0011811181902885437,0.0023883983958512545
0.001127447932958603,0.001663761679083109
