loss,val_loss
0.0009558762540109456,0.00096756627317518
0.0008654486737214029,0.0009168281103484333
